feature,importance
cnt_lag_1,0.6709377703450609
same_hour_7d_mean,0.14908977042588598
cnt_lag_168,0.0653223990722931
cnt_lag_24,0.03071341392656972
hr_7,0.012702557718389533
hr_8,0.009259036806080381
workingday_0,0.005501066589594337
workingday_1,0.004913064312214609
hum,0.004381105745680988
hr_17,0.0036265622458540136
temp_hum_interaction,0.0034247797859645896
weathersit_3,0.0033784111159646008
atemp,0.0029235347365205284
temp,0.0026897012391248415
weekday_6,0.0026510935233542954
hr_10,0.0025217119403125533
windspeed,0.0024236705151885174
hr_16,0.0023083669511435876
is_weekend_0,0.0017958823890594348
is_weekend_1,0.001704640867017346
